CODIGO SION;CODIGO DANE;DESCRIPCION;DEPARTAMENTO
356;25658000;SAN FRANCISCO;CUNDINAMARCA
357;86755000;SAN FRANCISCO;PUTUMAYO
358;68679000;SAN GIL;SANTANDER
359;13654000;SAN JACINTO;BOLIVAR
360;44650000;SAN JUAN DEL CESAR;GUAJIRA
361;95001000;SAN JOSÉ DEL GUAVIARE;GUAVIARE
362;50683000;SAN JUAN DE ARAMA;META
364;13657000;SAN JUAN NEPOMUCENO;BOLIVAR
365;05660000;SAN LUIS;ANTIOQUIA
366;25843007;SAN LUIS;CUNDINAMARCA
367;70708000;SAN MARCOS;SUCRE
368;20770000;SAN MARTÍN;CESAR
369;50689000;SAN MARTÍN;META
370;70713000;SAN ONOFRE;SUCRE
371;70717000;SAN PEDRO;SUCRE
372;05664000;SAN PEDRO DE LOS MILAGROS;ANTIOQUIA
373;23686000;SAN PELAYO;CORDOBA
374;05667000;SAN RAFAEL;ANTIOQUIA
375;05670000;SAN ROQUE;ANTIOQUIA
379;05674000;SAN VICENTE;ANTIOQUIA
380;68689000;SAN VICENTE DE CHUCURÍ;SANTANDER
381;05679000;SANTA BÁRBARA;ANTIOQUIA
382;05042000;SANTA FÉ DE ANTIOQUIA;ANTIOQUIA
383;47001000;SANTA MARTA;MAGDALENA
384;66682000;SANTA ROSA DE CABAL;RISARALDA
385;05686000;SANTA ROSA DE OSOS;ANTIOQUIA
386;15693000;SANTA ROSA DE VITERBO;BOYACA
387;73547002;DOIMA;TOLIMA
388;19698000;SANTANDER DE QUILICHAO;CAUCA
389;05697000;EL SANTUARIO;ANTIOQUIA
390;66687000;SANTUARIO;RISARALDA
391;54720000;SARDINATA;NORTE DE SANTANDER
392;25718000;SASAIMA;CUNDINAMARCA
393;05736000;SEGOVIA;ANTIOQUIA
394;25736000;SESQUILÉ;CUNDINAMARCA
395;76736000;SEVILLA;VALLE DEL CAUCA
396;25740000;SIBATÉ;CUNDINAMARCA
397;25745000;SIMIJACA;CUNDINAMARCA
399;25754000;SOACHA;CUNDINAMARCA
400;15753000;SOATÁ;BOYACA
401;68755000;SOCORRO;SANTANDER
402;15759000;SOGAMOSO;BOYACA
403;08758000;SOLEDAD;ATLANTICO
404;05756000;SONSÓN;ANTIOQUIA
405;05761000;SOPETRÁN;ANTIOQUIA
406;25758000;SOPÓ;CUNDINAMARCA
407;17777000;SUPÍA;CALDAS
409;41668000;SAN AGUSTÍN;HUILA
410;25785000;TABIO;CUNDINAMARCA
411;27787000;TADÓ;CHOCO
412;13780000;TALAIGUA NUEVO;BOLIVAR
413;81794000;TAME;ARAUCA
414;05789000;TÁMESIS;ANTIOQUIA
415;05790000;TARAZÁ;ANTIOQUIA
416;41801000;TERUEL;HUILA
417;41797000;TESALIA;HUILA
418;54810000;TIBÚ;NORTE DE SANTANDER
419;23807000;TIERRALTA;CORDOBA
420;41807000;TIMANÁ;HUILA
421;19807000;TIMBÍO;CAUCA
422;05809000;TITIRIBÍ;ANTIOQUIA
423;25815000;TOCAIMA;CUNDINAMARCA
424;70820000;SANTIAGO DE TOLÚ;SUCRE
425;76823000;TORO;VALLE DEL CAUCA
426;76828000;TRUJILLO;VALLE DEL CAUCA
427;76834000;TULUÁ;VALLE DEL CAUCA
428;52835000;TUMACO;NARIÑO
429;15001000;TUNJA;BOYACA
430;52838000;TÚQUERRES;NARIÑO
431;13836000;TURBACO;BOLIVAR
432;05837000;TURBO;ANTIOQUIA
433;25843000;VILLA DE SAN DIEGO DE UBATÉ;CUNDINAMARCA
434;05847000;URRAO;ANTIOQUIA
1206;05120002;EL JARDIN (TAMANA);ANTIOQUIA
376;20228000;SAN ROQUE;CESAR
436;05854000;VALDIVIA;ANTIOQUIA
437;23855000;VALENCIA;CORDOBA
438;20001000;VALLEDUPAR;CESAR
439;68861000;VÉLEZ;SANTANDER
440;73861000;VENADILLO;TOLIMA
441;05861000;VENECIA;ANTIOQUIA
442;15861000;VENTAQUEMADA;BOYACA
443;76863000;VERSALLES;VALLE DEL CAUCA
445;76869000;VIJES;VALLE DEL CAUCA
446;54874000;VILLA DEL ROSARIO;NORTE DE SANTANDER
447;86885000;VILLAGARZÓN;PUTUMAYO
448;17873000;VILLAMARÍA;CALDAS
449;44874000;VILLANUEVA;GUAJIRA
450;25873000;VILLAPINZÓN;CUNDINAMARCA
759;19397000;LA VEGA;CAUCA
760;19355000;INZÁ;CAUCA
761;68502000;ONZAGA;SANTANDER
762;73686000;SANTA ISABEL;TOLIMA
763;23079002;VILLA FÁTIMA;CORDOBA
764;44855000;URUMITA;GUAJIRA
765;44098000;DISTRACCIÓN;GUAJIRA
766;23417002;EL CARITO;CORDOBA
767;47980004;ORIHUECA;MAGDALENA
768;47980006;RIOFRÍO;MAGDALENA
770;47980010;TUCURINCA;MAGDALENA
771;47692003;LA PACHA;MAGDALENA
772;70110000;BUENAVISTA;SUCRE
773;70204000;RICAURTE (COLOSÓ);SUCRE
774;44110000;EL MOLINO;GUAJIRA
775;70418000;LOS PALMITOS;SUCRE
776;47268000;EL RETÉN;MAGDALENA
777;23682000;SAN JOSÉ DE URÉ;CORDOBA
778;47030000;ALGARROBO;MAGDALENA
779;08558000;POLONUEVO;ATLANTICO
780;47980001;GUACAMAYAL;MAGDALENA
781;47161000;CERRO DE SAN ANTONIO;MAGDALENA
782;20383000;LA GLORIA;CESAR
783;47605000;REMOLINO;MAGDALENA
784;08606000;REPELÓN;ATLANTICO
786;08141000;CANDELARIA;ATLANTICO
788;20400000;LA JAGUA DE IBIRICO;CESAR
789;47980008;SEVILLA;MAGDALENA
790;20787000;TAMALAMEQUE;CESAR
791;08296000;GALAPA;ATLANTICO
792;20250000;EL PASO;CESAR
793;25426000;MACHETÁ;CUNDINAMARCA
794;05264000;ENTRERRÍOS;ANTIOQUIA
795;47980007;SANTA ROSALIA;MAGDALENA
797;23678000;SAN CARLOS;CORDOBA
798;23500000;MOÑITOS;CORDOBA
800;05885000;YALÍ;ANTIOQUIA
802;52260000;EL TAMBO;NARIÑO
804;19256000;EL TAMBO;CAUCA
806;20032001;ARJONA;CESAR
807;13433003;MALAGANA;BOLIVAR
808;54673000;SAN CAYETANO;NORTE DE SANTANDER
810;85250000;PAZ DE ARIPORO;CASANARE
811;13873000;VILLANUEVA;BOLIVAR
812;18785000;SOLITA;CAQUETA
816;15776000;SUTAMARCHÁN;BOYACA
817;25438000;MEDINA;CUNDINAMARCA
819;85430000;TRINIDAD;CASANARE
820;85263000;PORE;CASANARE
821;54385000;LA ESPERANZA;NORTE DE SANTANDER
822;41518000;PAICOL;HUILA
823;18029000;ALBANIA;CAQUETA
824;73678000;SAN LUIS;TOLIMA
826;15367000;JENESANO;BOYACA
827;19022000;ALMAGUER;CAUCA
828;41660000;SALADOBLANCO;HUILA
829;08520000;PALMAR DE VARELA;ATLANTICO
830;15804000;TIBANÁ;BOYACA
831;05120006;PUERTO BÉLGICA;ANTIOQUIA
832;68207000;CONCEPCIÓN;SANTANDER
833;15180000;CHISCAS;BOYACA
835;41013000;AGRADO;HUILA
837;47980003;LA GRAN VÍA;MAGDALENA
838;08675000;SANTA LUCÍA;ATLANTICO
840;47460004;LOS ANDES;MAGDALENA
842;70771000;SUCRE;SUCRE
843;70429010;SAN ROQUE;SUCRE
844;47798000;TENERIFE;MAGDALENA
845;23570004;EL VARAL;CORDOBA
846;08770000;SUAN;ATLANTICO
847;47675000;SALAMINA;MAGDALENA
849;73001001;BUENOS AIRES;TOLIMA
850;47258000;EL PIÑÓN;MAGDALENA
851;44560000;MANAURE;GUAJIRA
852;05854002;PUERTO VALDIVIA;ANTIOQUIA
854;73555002;GAITANIA;TOLIMA
855;19532013;EL ESTRECHO;CAUCA
857;52786000;TAMINANGO;NARIÑO
858;76306001;COSTA RICA;VALLE DEL CAUCA
859;15531000;PAUNA;BOYACA
860;18860000;VALPARAÍSO;CAQUETA
861;19137008;SIBERIA;CAUCA
862;15664000;SAN JOSÉ DE PARE;BOYACA
863;05842000;URAMITA;ANTIOQUIA
864;05893018;CASABE;ANTIOQUIA
865;25779000;SUSA;CUNDINAMARCA
867;41799000;TELLO;HUILA
868;50568000;PUERTO GAITÁN;META
869;52019000;SAN JOSÉ;NARIÑO
870;15837000;TUTA;BOYACA
872;70429000;MAJAGUAL;SUCRE
873;25596000;QUIPILE;CUNDINAMARCA
874;68051000;ARATOCA;SANTANDER
875;50450000;PUERTO CONCORDIA;META
876;70523000;PALMITO;SUCRE
877;52227000;CUMBAL;NARIÑO
878;44378000;HATONUEVO;GUAJIRA
879;18479000;MORELIA;CAQUETA
880;19824000;TOTORÓ;CAUCA
882;15808000;TINJACÁ;BOYACA
883;17541002;BOLIVIA;CALDAS
884;15638000;SÁCHICA;BOYACA
886;05321000;GUATAPÉ;ANTIOQUIA
887;05206000;CONCEPCIÓN;ANTIOQUIA
889;25288001;CAPELLANÍA;CUNDINAMARCA
893;50223000;CUBARRAL;META
894;08372000;JUAN DE ACOSTA;ATLANTICO
896;66594002;IRRA;RISARALDA
899;05107000;BRICEÑO;ANTIOQUIA
901;25407000;LENGUAZAQUE;CUNDINAMARCA
902;18205000;CURILLO;CAQUETA
903;25592003;TOBIA - LA MILAGROSA;CUNDINAMARCA
905;68324000;GUAVATÁ;SANTANDER
907;20175016;LA MATA;CESAR
908;73622000;RONCESVALLES;TOLIMA
911;15514000;PÁEZ;BOYACA
912;25019000;ALBÁN;CUNDINAMARCA
914;25279001;LA UNIÓN;CUNDINAMARCA
915;15224000;CUCAITA;BOYACA
916;20238002;CARACOLICITO;CESAR
917;66318002;SAN CLEMENTE;RISARALDA
918;27050000;YUTO;CHOCO
919;41770000;SUAZA;HUILA
920;76670000;SAN PEDRO;VALLE DEL CAUCA
922;25095003;LA SIERRA;CUNDINAMARCA
923;17495000;NORCASIA;CALDAS
924;68855000;VALLE DE SAN JOSÉ;SANTANDER
925;73347000;HERVEO;TOLIMA
928;05604003;SANTA ISABEL;ANTIOQUIA
931;85139000;MANÍ;CASANARE
932;27810000;ÁNIMAS;CHOCO
933;17867000;VICTORIA;CALDAS
935;05604001;LA CRUZADA;ANTIOQUIA
937;76616009;SALÓNICA;VALLE DEL CAUCA
938;19110012;TIMBA;CAUCA
939;52083000;BELÉN;NARIÑO
940;25867000;VIANÍ;CUNDINAMARCA
943;05690000;SANTO DOMINGO;ANTIOQUIA
944;15673000;SAN MATEO;BOYACA
945;68861001;ALTO JORDÁN;SANTANDER
947;27450000;ANDAGOYA;CHOCO
949;27160000;CÉRTEGUI;CHOCO
950;05679004;VERSALLES;ANTIOQUIA
951;19455005;ORTIGAL;CAUCA
955;52835017;ESPRIELLA;NARIÑO
957;52573000;PUERRES;NARIÑO
959;15380000;LA CAPILLA;BOYACA
961;52786002;EL TABLÓN;NARIÑO
962;76233011;EL QUEREMAL;VALLE DEL CAUCA
964;52560000;POTOSÍ;NARIÑO
965;52203001;GUAITARILLA (COLON);NARIÑO
966;52585004;JOSÉ MARÍA HERNÁNDEZ;NARIÑO
968;81065008;LA ESMERALDA (JUJUA);ARAUCA
970;25299000;GAMA;CUNDINAMARCA
971;76403003;HOLGUÍN;VALLE DEL CAUCA
973;15189000;CIÉNEGA;BOYACA
975;15162000;CERINZA;BOYACA
977;17614001;BONAFONT;CALDAS
978;17380002;GUARINOCITO;CALDAS
979;05411007;SAN CRISTÓBAL;ANTIOQUIA
981;76318008;SONSO;VALLE DEL CAUCA
983;18410000;LA MONTAÑITA;CAQUETA
984;25518004;VENECIA;CUNDINAMARCA
985;66001002;ARABIA;RISARALDA
987;81591000;PUERTO RONDÓN;ARAUCA
989;41548000;PITAL;HUILA
992;13670000;SAN PABLO;BOLIVAR
993;76111002;EL PLACER;VALLE DEL CAUCA
997;50400000;LEJANÍAS;META
1000;73622001;SANTA ELENA;TOLIMA
1001;68780000;SURATÁ;SANTANDER
1002;68615031;SAN RAFAEL;SANTANDER
1003;81300000;FORTUL;ARAUCA
1004;50110000;BARRANCA DE UPÍA;META
1006;15667000;SAN LUIS DE GACENO;BOYACA
1010;15106000;BRICEÑO;BOYACA
1012;05044000;ANZÁ;ANTIOQUIA
1013;54800000;TEORAMA;NORTE DE SANTANDER
1014;25320003;PUERTO BOGOTÁ;CUNDINAMARCA
1018;47001010;TAGANGA;MAGDALENA
1019;17013001;ARMA;CALDAS
1020;15580000;QUÍPAMA;BOYACA
1021;73616001;HERRERA;TOLIMA
1022;52885000;YACUANQUER;NARIÑO
1023;08560000;PONEDERA;ATLANTICO
1025;19532008;PATÍA;CAUCA
1026;05380001;LA TABLAZA;ANTIOQUIA
1028;15368000;JERICÓ;BOYACA
1031;66318003;SANTA ANA;RISARALDA
1032;25662001;CAMBAO;CUNDINAMARCA
1033;68211001;SAN PABLO;SANTANDER
1034;25524000;PANDI;CUNDINAMARCA
1035;52240000;CHACHAGÜÍ;NARIÑO
1036;25258000;EL PEÑÓN;CUNDINAMARCA
1040;05086000;BELMIRA;ANTIOQUIA
1041;05837002;NUEVA COLONIA;ANTIOQUIA
1042;68271000;FLORIÁN;SANTANDER
1043;25513001;PASUNCHA;CUNDINAMARCA
1044;05347000;HELICONIA;ANTIOQUIA
1045;15332000;GÜICÁN DE LA SIERRA;BOYACA
1046;25312000;GRANADA;CUNDINAMARCA
664;68320000;GUADALUPE;SANTANDER
2160;52540001;ALTAMIRA;NARIÑO
2162;25645016;BELLAVISTA;CUNDINAMARCA
2163;52678023;BETANIA;NARIÑO
2164;68255002;BETANIA;SANTANDER
2165;50001004;BUENAVISTA;META
2166;25898006;CARTAGENA;CUNDINAMARCA
2167;50001001;CONCEPCION;META
2168;76109009;CORDOBA;VALLE DEL CAUCA
2169;54673002;CORNEJO;NORTE DE SANTANDER
2170;23001068;EL DOCE;CORDOBA
2171;52683002;EL INGENIO;NARIÑO
2172;25878003;EL PIÑAL;CUNDINAMARCA
2173;25745003;EL RETEN;CUNDINAMARCA
2174;25320009;LA CABAÑA;CUNDINAMARCA
2175;52399003;LA CALDERA;NARIÑO
2176;25126013;LA ESPERANZA;CUNDINAMARCA
2177;54001042;LA FLORESTA;NORTE DE SANTANDER
2178;81065005;LA PAZ;ARAUCA
1096;25035001;LA PAZ;CUNDINAMARCA
969;15401000;LA VICTORIA;BOYACA
2179;25245002;LA VICTORIA;CUNDINAMARCA
2180;25596002;LA VIRGEN;CUNDINAMARCA
2182;52356009;LAS CRUCES;NARIÑO
2183;76001016;MONTEBELLO;VALLE DEL CAUCA
2184;76834016;NARIÑO;VALLE DEL CAUCA
2185;25035003;PATIO BONITO;CUNDINAMARCA
1251;50150002;PUEBLO VIEJO;META
1276;50287002;PUERTO LIMÓN;META
1702;81736006;PUERTO LLERAS;ARAUCA
1703;50287003;PUERTO SANTANDER;META
1704;50573008;REMOLINO;META
1705;19573003;SAN CARLOS;CAUCA
1706;25815008;SAN CARLOS;CUNDINAMARCA
1720;13580005;SAN CAYETANO;BOLIVAR
1707;52001076;SAN FRANCISCO;NARIÑO
1708;25817004;SAN JAVIER;CUNDINAMARCA
991;25386003;SAN JOAQUIN;CUNDINAMARCA
1709;50150001;SAN LORENZO;META
1710;52022003;SAN LUIS;NARIÑO
1711;23574012;SAN MIGUEL;CORDOBA
1712;25299001;SAN ROQUE;CUNDINAMARCA
1713;19455007;SANTA ANA;CAUCA
1714;25175023;SANTA BARBARA;CUNDINAMARCA
1715;25530002;SANTA CECILIA;CUNDINAMARCA
1716;25596003;SANTA MARTA;CUNDINAMARCA
1717;23678004;SANTA ROSA;CORDOBA
1718;25839005;SANTA ROSA;CUNDINAMARCA
2017;68773000;SUCRE;SANTANDER
1721;76364013;TIMBA;VALLE DEL CAUCA
2181;19573002;LAS BRISAS;VALLE DEL CAUCA
1049;73678004;PAYANDÉ;TOLIMA
1050;15518000;PAJARITO;BOYACA
1051;17446000;MARULANDA;CALDAS
1052;05628000;SABANALARGA;ANTIOQUIA
1053;18610000;SAN JOSÉ DEL FRAGUA;CAQUETA
1054;15681007;COSCUEZ;BOYACA
1056;41244000;ELÍAS;HUILA
1058;05059000;ARMENIA;ANTIOQUIA
1059;68169000;CHARTA;SANTANDER
1060;25245001;EL TRIUNFO;CUNDINAMARCA
1062;15720000;SATIVANORTE;BOYACA
1063;76834010;LA MARINA;VALLE DEL CAUCA
1065;25612000;RICAURTE;CUNDINAMARCA
1066;17272005;SAMARIA;CALDAS
1067;41001003;FORTALECILLAS;HUILA
1068;05306000;GIRALDO;ANTIOQUIA
1071;15696000;SANTA SOFÍA;BOYACA
1072;25530000;PARATEBUENO;CUNDINAMARCA
1075;17662007;SAN DIEGO;CALDAS
1076;73347005;PADUA;TOLIMA
1077;86571000;PUERTO GUZMÁN;PUTUMAYO
1080;15790000;TASCO;BOYACA
1082;15600000;RÁQUIRA;BOYACA
1083;47001038;VALLE DE GAIRA;MAGDALENA
1087;25436000;MANTA;CUNDINAMARCA
1088;44090004;PALOMINO;GUAJIRA
1089;25518000;PAIME;CUNDINAMARCA
1091;25328000;GUAYABAL DE SÍQUIMA;CUNDINAMARCA
1092;13222000;CLEMENCIA;BOLIVAR
1095;15842000;ÚMBITA;BOYACA
1097;41551001;BRUSELAS;HUILA
1098;25793000;TAUSA;CUNDINAMARCA
1100;15183000;CHITA;BOYACA
1101;25040002;LA FLORIDA;CUNDINAMARCA
1102;50150000;CASTILLA LA NUEVA;META
1103;25594002;PUENTE QUETAME;CUNDINAMARCA
1104;15248000;EL ESPINO;BOYACA
1106;25878002;SAN GABRIEL;CUNDINAMARCA
1107;85410000;TAURAMENA;CASANARE
1108;25430004;PUENTE DE PIEDRA;CUNDINAMARCA
1109;15204000;CÓMBITA;BOYACA
1110;41503000;OPORAPA;HUILA
1111;41530000;PALESTINA;HUILA
1112;17541011;SAN DANIEL;CALDAS
1117;81736008;PUERTO NARIÑO;ARAUCA
1118;18460001;SAN ANTONIO DE GETUCHA;CAQUETA
1119;05021000;ALEJANDRÍA;ANTIOQUIA
1122;25797000;TENA;CUNDINAMARCA
1123;86865004;EL PLACER;PUTUMAYO
1124;76248009;SANTA ELENA;VALLE DEL CAUCA
1126;15464000;MONGUA;BOYACA
1127;73547000;PIEDRAS;TOLIMA
1128;23660004;COLOMBOY;CORDOBA
1130;23660008;LA YE;CORDOBA
1131;23162002;MATEO GÓMEZ;CORDOBA
1132;23168000;CHIMÁ;CORDOBA
1133;18410002;LA UNIÓN PENEYA;CAQUETA
1135;86885001;PUERTO UMBRÍA;PUTUMAYO
1136;86569002;VILLA FLOR;PUTUMAYO
1137;86219001;SAN PEDRO;PUTUMAYO
1139;86568019;SANTANA;PUTUMAYO
1141;86865003;EL TIGRE;PUTUMAYO
1142;86320008;BUENOS AIRES;PUTUMAYO
1143;52207000;CONSACÁ;NARIÑO
1144;15494000;NUEVO COLÓN;BOYACA
1145;41378000;LA ARGENTINA;HUILA
1147;23079000;BUENAVISTA;CORDOBA
1151;47707000;SANTA ANA;MAGDALENA
2139;52565000;PROVIDENCIA;NARIÑO
1064;86757000;LA DORADA;PUTUMAYO
1152;52835031;LLORENTE;NARIÑO
1153;05659000;SAN JUAN DE URABÁ;ANTIOQUIA
1154;19845000;VILLA RICA;CAUCA
1155;73854000;VALLE DE SAN JUAN;TOLIMA
1156;85300000;SABANALARGA;CASANARE
1157;85325000;SAN LUIS DE PALENQUE;CASANARE
1158;85125000;HATO COROZAL;CASANARE
1159;25245000;EL COLEGIO;CUNDINAMARCA
1160;25339000;GUTIÉRREZ;CUNDINAMARCA
1161;25594000;QUETAME;CUNDINAMARCA
1162;15223000;CUBARÁ;BOYACA
1163;15425000;MACANAL;BOYACA
1164;15810000;TIPACOQUE;BOYACA
1165;23300000;COTORRA;CORDOBA
1166;19137000;CALDONO;CAUCA
1167;08436000;MANATÍ;ATLANTICO
1168;08421001;ARROYO DE PIEDRA;ATLANTICO
1169;41001014;SAN FRANCISCO;HUILA
1172;50124000;CABUYARO;META
1173;52215000;CÓRDOBA;NARIÑO
1174;52001010;GUALMATÁN;NARIÑO
1175;25797001;LA GRAN VÍA;CUNDINAMARCA
1177;52435000;PIEDRANCHA;NARIÑO
1178;52480000;NARIÑO;NARIÑO
1179;52540000;POLICARPA;NARIÑO
1180;08573002;SALGAR;ATLANTICO
1181;52685000;SAN BERNARDO;NARIÑO
1182;52540006;SANTA CRUZ;NARIÑO
1183;52720000;SAPUYES;NARIÑO
1184;54743000;SILOS;NORTE DE SANTANDER
1185;52788000;TANGUA;NARIÑO
1186;13810011;TIQUISIO NUEVO;BOLIVAR
1187;70400000;LA UNIÓN;SUCRE
1188;68132000;CALIFORNIA;SANTANDER
1190;68190002;PUERTO ARAUJO;SANTANDER
1192;52227001;CHILES;NARIÑO
1193;68418000;LOS SANTOS;SANTANDER
1194;05647000;SAN ANDRÉS DE CUERQUÍA;ANTIOQUIA
1195;44035000;ALBANIA;GUAJIRA
1196;52405000;LEIVA;NARIÑO
1197;52254000;EL PEÑOL;NARIÑO
1198;52381000;LA FLORIDA;NARIÑO
1199;13760000;SOPLAVIENTO;BOLIVAR
1200;85001002;LA CHAPARRERA;CASANARE
1201;05790002;EL DOCE;ANTIOQUIA
1202;05858001;EL TIGRE;ANTIOQUIA
1203;05001001;PALMITAS;ANTIOQUIA
1204;52356002;LAS LAJAS;NARIÑO
1205;52356003;SAN JUAN;NARIÑO
1207;05543000;PEQUE;ANTIOQUIA
1208;19050000;ARGELIA;CAUCA
1209;08832010;PLAYA MENDOZA;ATLANTICO
1210;08372004;SANTA VERÓNICA;ATLANTICO
1211;08001001;JUAN MINA;ATLANTICO
1212;47745003;PALERMO;MAGDALENA
1223;88001000;SAN ANDRÉS;SAN ANDRES Y PROVIDENCIA
1244;68867000;VETAS;SANTANDER
1252;08078001;CAMPECHE;ATLANTICO
1254;52786019;EL REMOLINO;NARIÑO
1255;44035001;CUESTECITAS;GUAJIRA
1256;05001004;SANTA ELENA;ANTIOQUIA
1257;05120003;GUARUMO;ANTIOQUIA
66;25754000;BOSA;CUNDINAMARCA
151;76001000;CAVASA;VALLE DEL CAUCA
164;11001000;FONTIBON;BOGOTA, D.C.
266;25175000;LA CARO;CUNDINAMARCA
282;54874000;LA PARADA;NORTE DE SANTANDER
296;76248000;INGENIO PROVIDENCIA;VALLE DEL CAUCA
331;66001000;RIOPAILA;RISARALDA
2024;15090000;BERBEO;BOYACA
2054;15109000;BUENAVISTA;BOYACA
335;47001000;RODADERO;MAGDALENA
352;05001000;SAN ANTONIO DE PRADO;ANTIOQUIA
408;11001000;SUBA;BOGOTA, D.C.
435;11001000;USAQUEN;BOGOTA, D.C.
503;11001000;ENGATIVA;BOGOTA, D.C.
535;25817000;TIBITO;CUNDINAMARCA
556;25754000;EL MUÑA;CUNDINAMARCA
904;11001000;USME;BOGOTA, D.C.
954;73449000;TOLEMAIDA;TOLIMA
1029;23466000;LOMASECA;CORDOBA
1079;23466000;CERROMATOSO;CORDOBA
1093;44001000;LA MINA;GUAJIRA
1140;86320000;YARUMO;PUTUMAYO
1245;20250002;MINA LA FRANCIA;CESAR
1246;20250002;MINA PRODECO;CESAR
1247;20250002;LA LOMA DE POTRER;CESAR
1248;20250002;LA LOMA CALENTURITAS;CESAR
1250;20250002;FERROLARGO;CESAR
1253;20250002;LA LOMA DEL BALSAMO;CESAR
1316;05480005;BAJIRÁ;ANTIOQUIA
1317;27006003;CAPURGANÁ;CHOCO
1318;27001032;TUTUNENDÓ;CHOCO
1319;05887007;LLANOS DE CUIVA;ANTIOQUIA
1320;19001002;CALIBÍO;CAUCA
1321;19001013;PUEBLILLO;CAUCA
1322;19001014;PUELENJE;CAUCA
1323;19001035;VEREDA DE TORRES;CAUCA
1324;19001039;PARCELACIÓN ATARDECERES DE LA PRADERA;CAUCA
1325;19142034;BODEGA ARRIBA;CAUCA
1326;19300000;GUACHENÉ;CAUCA
1327;19455008;TIERRADURA;CAUCA
1328;19455010;GUATEMALA;CAUCA
1329;19573001;BOCAS DEL PALO;CAUCA
1330;19573004;ZANJÓN RICO;CAUCA
1331;19573005;PERICO NEGRO;CAUCA
1332;19573006;VUELTA LARGA;CAUCA
1333;19573008;LOS BANCOS;CAUCA
1334;19573009;GUENGUE;CAUCA
1335;19573010;CIUDAD SUR;CAUCA
1336;19585000;COCONUCO;CAUCA
1337;19585004;PURACÉ;CAUCA
1338;19698004;LA ARROBLEDA;CAUCA
1339;19698017;DOMINGUILLO;CAUCA
1340;19698018;EL CRUCERO;CAUCA
1341;19698028;LA AGUSTINA;CAUCA
1342;19845001;AGUA AZUL;CAUCA
1343;76001001;EL SALADITO;VALLE DEL CAUCA
1344;76001002;FELIDIA;VALLE DEL CAUCA
1345;76001003;GOLONDRINAS;VALLE DEL CAUCA
1346;76001004;EL HORMIGUERO;VALLE DEL CAUCA
1347;76001006;LA CASTILLA;VALLE DEL CAUCA
1348;76001007;LA ELVIRA;VALLE DEL CAUCA
1349;76001008;LA LEONERA;VALLE DEL CAUCA
1350;76001014;PICHINDE;VALLE DEL CAUCA
1351;76001020;VILLACARMELO;VALLE DEL CAUCA
1352;76109066;LA DELFINA;VALLE DEL CAUCA
1353;76109071;SAN CIPRIANO;VALLE DEL CAUCA
1354;76109083;BENDICIONES;VALLE DEL CAUCA
1355;76109094;KATANGA;VALLE DEL CAUCA
1356;76111005;EL VINCULO;VALLE DEL CAUCA
1357;76111012;QUEBRADASECA;VALLE DEL CAUCA
1358;76111014;ZANJÓN HONDO;VALLE DEL CAUCA
1359;76111016;EL PORVENIR;VALLE DEL CAUCA
1360;76130002;EL ARENAL;VALLE DEL CAUCA
1361;76130003;EL CABUYAL;VALLE DEL CAUCA
1362;76130006;EL TIPLE;VALLE DEL CAUCA
1363;76130009;LA REGINA;VALLE DEL CAUCA
1364;76130021;LA ALBANIA;VALLE DEL CAUCA
1365;76130027;EL SILENCIO;VALLE DEL CAUCA
1366;76233001;ATUNCELA;VALLE DEL CAUCA
1367;76233012;EL SALADO;VALLE DEL CAUCA
1368;76233036;KILÓMETRO 26;VALLE DEL CAUCA
1369;76248018;LA HONDA;VALLE DEL CAUCA
1370;76275004;CHOCOCITO;VALLE DEL CAUCA
1371;76275011;SAN ANTONIO DE LOS CABALLEROS;VALLE DEL CAUCA
1372;76275012;SAN FRANCISCO;VALLE DEL CAUCA
1373;76306005;SABALETAS;VALLE DEL CAUCA
1374;76306008;VILLA VANEGAS;VALLE DEL CAUCA
1375;76318003;GUABAS;VALLE DEL CAUCA
1376;76318004;GUABITAS;VALLE DEL CAUCA
1377;76318006;PICHICHÍ;VALLE DEL CAUCA
1378;76364005;PASO DE LA BOLSA;VALLE DEL CAUCA
1379;76364014;VILLA COLOMBIA;VALLE DEL CAUCA
1380;76364015;VILLAPAZ;VALLE DEL CAUCA
451;50001000;VILLAVICENCIO;META
452;25875000;VILLETA;CUNDINAMARCA
453;25878000;VIOTÁ;CUNDINAMARCA
454;17877000;VITERBO;CALDAS
455;25885000;YACOPÍ;CUNDINAMARCA
456;05887000;YARUMAL;ANTIOQUIA
457;05890000;YOLOMBÓ;ANTIOQUIA
458;85001000;YOPAL;CASANARE
459;76892000;YUMBO;VALLE DEL CAUCA
460;13894000;ZAMBRANO;BOLIVAR
461;68895000;ZAPATOCA;SANTANDER
462;05895000;ZARAGOZA;ANTIOQUIA
463;76895000;ZARZAL;VALLE DEL CAUCA
464;25899000;ZIPAQUIRÁ;CUNDINAMARCA
465;73408000;LÉRIDA;TOLIMA
466;25377000;LA CALERA;CUNDINAMARCA
467;05585003;LA SIERRA;ANTIOQUIA
468;76845000;ULLOA;VALLE DEL CAUCA
469;52683000;SANDONÁ;NARIÑO
470;05134000;CAMPAMENTO;ANTIOQUIA
471;81736000;SARAVENA;ARAUCA
472;73236000;DOLORES;TOLIMA
473;73024000;ALPUJARRA;TOLIMA
474;19743000;SILVIA;CAUCA
475;05361000;ITUANGO;ANTIOQUIA
476;15407000;VILLA DE LEYVA;BOYACA
477;25799000;TENJO;CUNDINAMARCA
478;73870000;VILLAHERMOSA;TOLIMA
479;63130001;BARCELONA;QUINDIO
481;52693000;SAN PABLO;NARIÑO
482;25817000;TOCANCIPÁ;CUNDINAMARCA
483;41791000;TARQUI;HUILA
484;05858000;VEGACHÍ;ANTIOQUIA
485;05031000;AMALFI;ANTIOQUIA
486;15774000;SUSACÓN;BOYACA
487;15097000;BOAVITA;BOYACA
488;23580000;PUERTO LIBERTADOR;CORDOBA
489;05541000;PEÑOL;ANTIOQUIA
490;05856000;VALPARAÍSO;ANTIOQUIA
491;05411000;LIBORINA;ANTIOQUIA
492;73030000;AMBALEMA;TOLIMA
493;25295000;GACHANCIPÁ;CUNDINAMARCA
495;73624000;ROVIRA;TOLIMA
496;23672006;BIJAITO;CORDOBA
497;18753000;SAN VICENTE DEL CAGUÁN;CAQUETA
498;76250000;EL DOVIO;VALLE DEL CAUCA
499;76054000;ARGELIA;VALLE DEL CAUCA
500;08634000;SABANAGRANDE;ATLANTICO
501;41016000;AIPE;HUILA
502;76243000;EL ÁGUILA;VALLE DEL CAUCA
505;52036000;ANCUYÁ;NARIÑO
506;15480000;MUZO;BOYACA
507;18256000;EL PAUJÍL;CAQUETA
508;17524001;ARAUCA;CALDAS
509;70742000;SINCÉ;SUCRE
511;66001020;SAN JOSÉ;RISARALDA
512;25053000;ARBELÁEZ;CUNDINAMARCA
513;23815000;TUCHÍN;CORDOBA
514;23464000;MOMIL;CORDOBA
515;23586000;PURÍSIMA DE LA CONCEPCIÓN;CORDOBA
516;73043000;ANZOÁTEGUI;TOLIMA
517;17442000;MARMATO;CALDAS
518;66045000;APÍA;RISARALDA
519;70823000;TOLÚ VIEJO;SUCRE
520;66383000;LA CELIA;RISARALDA
521;23570000;PUEBLO NUEVO;CORDOBA
522;73200001;GUALANDAY;TOLIMA
523;68745000;SIMACOTA;SANTANDER
524;15455000;MIRAFLORES;BOYACA
525;73461000;MURILLO;TOLIMA
526;50711000;VISTAHERMOSA;META
527;25645001;SANTANDERCITO;CUNDINAMARCA
528;25214000;COTA;CUNDINAMARCA
529;47460000;GRANADA;MAGDALENA
530;73616000;RIOBLANCO;TOLIMA
532;66456000;MISTRATÓ;RISARALDA
1008;13744000;SIMITI;BOLIVAR
2145;68250000;EL PEÑON;SANTANDER
24756;99624000;SANTA ROSALIA;VICHADA
1381;76377002;LA MARÍA;VALLE DEL CAUCA
1382;76377003;LOMITAS;VALLE DEL CAUCA
1383;76377004;PAVAS;VALLE DEL CAUCA
1384;76377010;PAVITAS;VALLE DEL CAUCA
1385;76520006;BOLO LA ITALIA;VALLE DEL CAUCA
1386;76520009;CALUCE-PLAN DE VIVIENDA LOS GUAYABOS;VALLE DEL CAUCA
1387;76520012;CORONADO;VALLE DEL CAUCA
1388;76520013;CHONTADURO;VALLE DEL CAUCA
1389;76520014;GUANABANAL;VALLE DEL CAUCA
1390;76520018;LA HERRADURA;VALLE DEL CAUCA
1391;76520024;PALMASECA;VALLE DEL CAUCA
1392;76520025;POTRERILLO;VALLE DEL CAUCA
1393;76520027;TABLONES;VALLE DEL CAUCA
1394;76520029;TIENDA NUEVA;VALLE DEL CAUCA
1395;76520038;LA DOLORES;VALLE DEL CAUCA
1396;76520041;BOLO BARRIO NUEVO;VALLE DEL CAUCA
1397;76563013;LA TUPIA;VALLE DEL CAUCA
1398;76616007;PORTUGAL DE PIEDRAS;VALLE DEL CAUCA
1400;76670007;PRESIDENTE;VALLE DEL CAUCA
1401;76670009;TODOS LOS SANTOS;VALLE DEL CAUCA
1402;76834001;AGUACLARA;VALLE DEL CAUCA
1403;76834005;EL PICACHO;VALLE DEL CAUCA
1404;76834029;CIENEGUETA;VALLE DEL CAUCA
1405;76834032;PALOMESTIZO;VALLE DEL CAUCA
1406;76869001;CACHIMBAL;VALLE DEL CAUCA
1407;76869004;LA FRESNEDA;VALLE DEL CAUCA
1408;76890006;MEDIACANOA;VALLE DEL CAUCA
1409;76890007;MIRAVALLE;VALLE DEL CAUCA
1410;76890008;PUENTETIERRA;VALLE DEL CAUCA
1411;76890009;SAN ANTONIO DE PIEDRAS;VALLE DEL CAUCA
1412;76890013;LOS PLANES;VALLE DEL CAUCA
1413;76890014;PUNTA BRAVA;VALLE DEL CAUCA
1414;76892002;DAPA;VALLE DEL CAUCA
1415;76892005;MULALÓ;VALLE DEL CAUCA
1416;76892009;SANTA INÉS;VALLE DEL CAUCA
1417;76892010;YUMBILLO;VALLE DEL CAUCA
1418;76892014;EL PEDREGAL;VALLE DEL CAUCA
1419;76892015;MIRAVALLE NORTE;VALLE DEL CAUCA
1420;76892017;ARROYOHONDO;VALLE DEL CAUCA
1421;76892018;EL CHOCHO;VALLE DEL CAUCA
1422;76892019;MANGA VIEJA;VALLE DEL CAUCA
1423;76892020;MIRAVALLE DAPA;VALLE DEL CAUCA
1424;76892021;PILAS DE DAPA;VALLE DEL CAUCA
1425;19455006;POTRERITO;CAUCA
1427;76616016;LAS BRISAS;CAUCA
1428;19698020;QUINAMAYO;CAUCA
1429;76001009;LA PAZ;VALLE DEL CAUCA
1430;76001010;LOS ANDES;VALLE DEL CAUCA
1431;76001023;CAMPO ALEGRE;VALLE DEL CAUCA
1432;76001030;LAS PALMAS;VALLE DEL CAUCA
1433;76001032;MONTAÑITAS;VALLE DEL CAUCA
1434;76036002;CAMPOALEGRE;VALLE DEL CAUCA
1435;76109010;EL CARMEN;VALLE DEL CAUCA
1436;76109107;SAN ANTONIO;VALLE DEL CAUCA
1437;76130012;SAN JOAQUÍN;VALLE DEL CAUCA
1438;76130019;CAUCASECO;VALLE DEL CAUCA
1439;76233009;EL PALMAR;VALLE DEL CAUCA
1440;76233010;EL PIÑAL;VALLE DEL CAUCA
1441;76233039;LA VIRGEN;VALLE DEL CAUCA
1442;76275024;EL INGENIO;VALLE DEL CAUCA
1443;76306002;LA FLORESTA;VALLE DEL CAUCA
1444;76377011;TRES ESQUINAS;VALLE DEL CAUCA
1445;76520015;GUAYABAL;VALLE DEL CAUCA
1446;76890005;LAS DELICIAS;VALLE DEL CAUCA
1447;76892008;SAN MARCOS;VALLE DEL CAUCA
1448;54001001;AGUA CLARA;NORTE DE SANTANDER
1449;54001007;PATILLALES;NORTE DE SANTANDER
1450;54001017;SAN FAUSTINO;NORTE DE SANTANDER
1451;54001041;GUARAMITO;NORTE DE SANTANDER
1452;54001045;PUERTO LLERAS;NORTE DE SANTANDER
1453;54001049;ORIPAYA;NORTE DE SANTANDER
1454;54172001;LA NUEVA DONJUANA;NORTE DE SANTANDER
1455;54172005;EL NUEVO DIAMANTE;NORTE DE SANTANDER
533;73067007;SANTIAGO PÉREZ;TOLIMA
534;73352000;ICONONZO;TOLIMA
536;15185000;CHITARAQUE;BOYACA
537;25120000;CABRERA;CUNDINAMARCA
538;25181000;CHOACHÍ;CUNDINAMARCA
539;25279000;FÓMEQUE;CUNDINAMARCA
540;25293000;GACHALÁ;CUNDINAMARCA
541;25326000;GUATAVITA;CUNDINAMARCA
543;73563000;PRADO;TOLIMA
544;86749000;SIBUNDOY;PUTUMAYO
545;25839000;UBALÁ;CUNDINAMARCA
546;25769000;SUBACHOQUE;CUNDINAMARCA
547;15646000;SAMACÁ;BOYACA
548;41615000;RIVERA;HUILA
549;08078000;BARANOA;ATLANTICO
550;15806000;TIBASOSA;BOYACA
551;27361000;ISTMINA;CHOCO
552;05591000;PUERTO TRIUNFO;ANTIOQUIA
553;76520026;ROZO;VALLE DEL CAUCA
554;73675002;PLAYARRICA;TOLIMA
555;68229000;CURITÍ;SANTANDER
557;76890000;YOTOCO;VALLE DEL CAUCA
558;76377000;LA CUMBRE;VALLE DEL CAUCA
559;76130008;VILLA GORGONA;VALLE DEL CAUCA
561;05040000;ANORÍ;ANTIOQUIA
562;68081001;EL CENTRO;SANTANDER
563;52250000;EL CHARCO;NARIÑO
564;05483000;NARIÑO;ANTIOQUIA
565;68770000;SUAITA;SANTANDER
566;05390000;LA PINTADA;ANTIOQUIA
567;05819000;TOLEDO;ANTIOQUIA
568;05656000;SAN JERÓNIMO;ANTIOQUIA
569;18094000;BELÉN DE LOS ANDAQUÍES;CAQUETA
570;66075000;BALBOA;RISARALDA
571;68770003;VADO REAL;SANTANDER
572;15542000;PESCA;BOYACA
573;25862000;VERGARA;CUNDINAMARCA
574;23686002;CARRILLO;CORDOBA
575;50251000;EL CASTILLO;META
576;18150000;CARTAGENA DEL CHAIRÁ;CAQUETA
577;19142000;CALOTO;CAUCA
578;05425000;MACEO;ANTIOQUIA
579;25535000;PASCA;CUNDINAMARCA
580;25743000;SILVANIA;CUNDINAMARCA
581;73148000;CARMEN DE APICALÁ;TOLIMA
582;41676000;SANTA MARÍA;HUILA
583;19517000;BELALCÁZAR;CAUCA
586;68464000;MOGOTES;SANTANDER
587;15087000;BELÉN;BOYACA
589;41078000;BARAYA;HUILA
590;15690000;SANTA MARÍA;BOYACA
591;05792000;TARSO;ANTIOQUIA
593;63690000;SALENTO;QUINDIO
594;52317000;GUACHUCAL;NARIÑO
596;15761000;SOMONDOCO;BOYACA
597;05240000;EBÉJICO;ANTIOQUIA
599;15051000;ARCABUCO;BOYACA
600;68872000;VILLANUEVA;SANTANDER
601;54871000;VILLA CARO;NORTE DE SANTANDER
602;19450000;MERCADERES;CAUCA
603;05315000;GUADALUPE;ANTIOQUIA
604;25599000;APULO;CUNDINAMARCA
605;73873000;VILLARRICA;TOLIMA
607;15507000;OTANCHE;BOYACA
609;85010000;AGUAZUL;CASANARE
610;41885000;YAGUARÁ;HUILA
611;25123000;CACHIPAY;CUNDINAMARCA
613;05658000;SAN JOSÉ DE LA MONTAÑA;ANTIOQUIA
614;41357000;ÍQUIRA;HUILA
615;41349000;HOBO;HUILA
616;73520000;PALOCABILDO;TOLIMA
617;05055000;ARGELIA;ANTIOQUIA
1733;20228002;SAN ROQUE;CESAR
1740;25489001;TOBIA;CUNDINAMARCA
1625;25805000;TIBACUY;CUNDINAMARCA
1626;25807000;TIBIRITA;CUNDINAMARCA
1627;25645019;VILLA PRADILLA;CUNDINAMARCA
1628;25645020;VILLA SHYN;CUNDINAMARCA
1629;25898000;ZIPACÓN;CUNDINAMARCA
1630;50313006;AGUAS CLARAS;META
1631;50001015;ALTO POMPEYA;META
1632;50400001;CACAYAL;META
745;50313001;CANAGUARO;META
1634;50226007;CANEY MEDIO;META
1635;50001005;COCUY;META
1636;50006001;DINAMARCA;META
1638;50245000;EL CALVARIO;META
1456;54172007;RECTA LOS ALAMOS;NORTE DE SANTANDER
1457;54261003;LA YE - SAN MIGUEL;NORTE DE SANTANDER
1458;54261005;LA ALEJANDRA;NORTE DE SANTANDER
1459;54261007;ASTILLEROS;NORTE DE SANTANDER
1460;54405001;LA GARITA;NORTE DE SANTANDER
1461;54405003;LOS VADOS;NORTE DE SANTANDER
1462;54405004;AGUA LINDA;NORTE DE SANTANDER
1463;54405006;EL TRAPICHE;NORTE DE SANTANDER
1464;54520001;EL DIAMANTE;NORTE DE SANTANDER
1465;54673005;URIMACO;NORTE DE SANTANDER
1466;54810008;PETRÓLEA;NORTE DE SANTANDER
1467;54810017;CAMPO DOS;NORTE DE SANTANDER
1468;68307007;ACAPULCO;SANTANDER
1469;68013000;AGUADA;SANTANDER
1470;68255001;BARRIO NUEVO;SANTANDER
618;76109078;ZARAGOZA;VALLE DEL CAUCA
619;15293000;GACHANTIVÁ;BOYACA
620;54174000;CHITAGÁ;NORTE DE SANTANDER
621;41006000;ACEVEDO;HUILA
622;19698007;MONDOMO;CAUCA
623;19548001;TUNÍA;CAUCA
624;76109008;CISNEROS;VALLE DEL CAUCA
625;68385001;BAJO JORDÁN;SANTANDER
626;17653007;SAN FÉLIX;CALDAS
628;23672000;SAN ANTERO;CORDOBA
630;23417009;SAN SEBASTIÁN;CORDOBA
631;23350000;LA APARTADA Y LA FRONTERA;CORDOBA
632;13052006;CRUZ DEL VIZO;BOLIVAR
633;19821000;TORIBÍO;CAUCA
635;13673000;SANTA CATALINA;BOLIVAR
637;54405000;LOS PATIOS;NORTE DE SANTANDER
638;13001004;BAYUNCA;BOLIVAR
639;13683000;SANTA ROSA DE LIMA;BOLIVAR
640;13042000;ARENAL;BOLIVAR
642;13052004;SINCERÍN;BOLIVAR
643;73067000;ATACO;TOLIMA
644;76041000;ANSERMANUEVO;VALLE DEL CAUCA
645;25317000;GUACHETÁ;CUNDINAMARCA
646;05125000;CAICEDO;ANTIOQUIA
647;73152000;CASABIANCA;TOLIMA
648;85162000;MONTERREY;CASANARE
649;05150000;CAROLINA;ANTIOQUIA
650;25845000;UNE;CUNDINAMARCA
651;23670000;SAN ANDRÉS DE SOTAVENTO;CORDOBA
653;08137000;CAMPO DE LA CRUZ;ATLANTICO
654;73168004;EL LIMÓN;TOLIMA
655;73270000;FALAN;TOLIMA
656;25281000;FOSCA;CUNDINAMARCA
657;85440000;VILLANUEVA;CASANARE
658;19110000;BUENOS AIRES;CAUCA
659;25772000;SUESCA;CUNDINAMARCA
660;19130000;CAJIBÍO;CAUCA
661;19780000;SUÁREZ;CAUCA
662;25322000;GUASCA;CUNDINAMARCA
663;05310000;GÓMEZ PLATA;ANTIOQUIA
665;19473000;MORALES;CAUCA
666;19455000;MIRANDA;CAUCA
667;08832000;TUBARÁ;ATLANTICO
668;54261000;EL ZULIA;NORTE DE SANTANDER
669;41359000;SAN JOSÉ DE ISNOS;HUILA
670;91001000;LETICIA;AMAZONAS
671;15632000;SABOYÁ;BOYACA
673;08685000;SANTO TOMÁS;ATLANTICO
674;44090003;MINGUEO;GUAJIRA
675;73217000;COYAIMA;TOLIMA
676;15047000;AQUITANIA;BOYACA
678;13433000;MAHATES;BOLIVAR
679;05120000;CÁCERES;ANTIOQUIA
681;25335000;GUAYABETAL;CUNDINAMARCA
682;25402000;LA VEGA;CUNDINAMARCA
683;68162000;CERRITO;SANTANDER
684;15763000;SOTAQUIRÁ;BOYACA
688;27800000;UNGUÍA;CHOCO
689;15296000;GÁMEZA;BOYACA
691;18247005;RIONEGRO;CAQUETA
692;73411002;CONVENIO;TOLIMA
693;15814000;TOCA;BOYACA
694;05093001;ALTAMIRA;ANTIOQUIA
695;19622000;ROSAS;CAUCA
696;25662000;SAN JUAN DE RIOSECO;CUNDINAMARCA
697;25645000;SAN ANTONIO DEL TEQUENDAMA;CUNDINAMARCA
698;50330000;MESETAS;META
699;54820000;TOLEDO;NORTE DE SANTANDER
700;25486000;NEMOCÓN;CUNDINAMARCA
701;70265000;GUARANDA;SUCRE
702;68368000;JESÚS MARÍA;SANTANDER
703;05038000;ANGOSTURA;ANTIOQUIA
1640;50318001;HUMADEA;META
1641;50573001;LA BALSA;META
1642;50370001;LA JULIA;META
1643;50313004;LA PLAYA;META
1644;50325000;MAPIRIPÁN;META
751;50251001;MEDELLÍN DEL ARIARI;META
1646;50245001;MONTFORT;META
1647;50573003;PACHAQUIARO;META
1648;50450001;PORORORIO;META
1649;50226010;PRESENTADO;META
1650;50270001;PUEBLO SÁNCHEZ;META
1651;50287001;PUERTO ALJURE;META
1652;50325001;PUERTO ALVIRA;META
1653;50313005;PUERTO CALDAS;META
1654;50573007;PUERTO PORFÍA;META
1655;50001002;RINCON DE POMPEYA;META
1656;50006003;SAN ISIDRO DE CHICHIMENE;META
1657;50226004;SAN NICOLÁS;META
1658;50370000;URIBE;META
1659;15022000;ALMEIDA;BOYACA
1660;15092000;BETÉITIVA;BOYACA
1661;15114000;BUSBANZÁ;BOYACA
1662;15135000;CAMPOHERMOSO;BOYACA
1663;68179000;CHIPATÁ;SANTANDER
1664;15232002;CHÍQUIZA;BOYACA
1665;15187000;CHIVATÁ;BOYACA
1666;15236000;CHIVOR;BOYACA
1667;15212000;COPER;BOYACA
1668;15215000;CORRALES;BOYACA
1669;25224000;CUCUNUBÁ;CUNDINAMARCA
1670;15226000;CUÍTIVA;BOYACA
1671;15272000;FIRAVITOBA;BOYACA
1672;25288000;FÚQUENE;CUNDINAMARCA
1673;68298000;GÁMBITA;SANTANDER
1674;15362000;IZA;BOYACA
1675;15377000;LABRANZAGRANDE;BOYACA
1676;15442000;MARIPÍ;BOYACA
1677;15476000;MOTAVITA;BOYACA
1678;15500000;OICATÁ;BOYACA
1679;15511000;PACHAVITA;BOYACA
1680;15522000;PANQUEBA;BOYACA
1681;15533000;PAYA;BOYACA
1682;15550000;PISBA;BOYACA
1683;15621000;RONDÓN;BOYACA
1685;15660000;SAN EDUARDO;BOYACA
1686;15676000;SAN MIGUEL DE SEMA;BOYACA
1687;15681000;SAN PABLO DE BORBUR;BOYACA
1688;68720000;SANTA HELENA DEL OPÓN;SANTANDER
1689;15723000;SATIVASUR;BOYACA
1690;15740000;SIACHOQUE;BOYACA
1691;15755000;SOCOTÁ;BOYACA
1692;15762000;SORA;BOYACA
1693;15764000;SORACÁ;BOYACA
1694;25781000;SUTATAUSA;CUNDINAMARCA
1695;15816000;TOGÜÍ;BOYACA
1696;15820000;TÓPAGA;BOYACA
1697;15822000;TOTA;BOYACA
1698;15832000;TUNUNGUÁ;BOYACA
1700;15839000;TUTAZÁ;BOYACA
1701;15879000;VIRACACHÁ;BOYACA
2020;23419000;LOS CÓRDOBAS;CORDOBA
24758;05001000;TNT INTERNACIONAL MEDELLÍN;ANTIOQUIA
24759;11001000;TNT INTERNACIONAL BOGOTÁ;BOGOTA, D.C.
24760;76001000;TNT INTERNACIONAL CALI;VALLE DEL CAUCA
1263;52022000;ALDANA;NARIÑO
1264;52560011;CUASPUD NUCLEO;NARIÑO
1265;52233000;CUMBITARA;NARIÑO
1266;52287000;FUNES;NARIÑO
1267;52699000;GUACHAVÉS;NARIÑO
1268;52352000;ILES;NARIÑO
1269;52354000;IMUÉS;NARIÑO
1270;52001021;LA VICTORIA;NARIÑO
1639;50226002;GUACAVÍA;META
24607;68121000;CABRERA;SANTANDER
926;68217000;COROMORO;SANTANDER
704;15897000;ZETAQUIRA;BOYACA
705;05425005;SAN JOSÉ DEL NUS (SAN JOSÉ DE NUESTRA SEÑORA);ANTIOQUIA
706;05665000;SAN PEDRO DE URABÁ;ANTIOQUIA
707;25491000;NOCAIMA;CUNDINAMARCA
708;68377000;LA BELLEZA;SANTANDER
709;54099000;BOCHALEMA;NORTE DE SANTANDER
710;76130004;EL CARMELO;VALLE DEL CAUCA
711;15686000;SANTANA;BOYACA
712;52256000;EL ROSARIO;NARIÑO
713;15835000;TURMEQUÉ;BOYACA
714;15466000;MONGUÍ;BOYACA
716;25368000;JERUSALÉN;CUNDINAMARCA
717;25086000;BELTRÁN;CUNDINAMARCA
718;25851000;ÚTICA;CUNDINAMARCA
719;15778000;SUTATENZA;BOYACA
720;15757000;SOCHA;BOYACA
721;05036000;ANGELÓPOLIS;ANTIOQUIA
722;05467000;MONTEBELLO;ANTIOQUIA
723;76616000;RIOFRÍO;VALLE DEL CAUCA
724;27245000;EL CARMEN DE ATRATO;CHOCO
726;25200000;COGUA;CUNDINAMARCA
728;73226000;CUNDAY;TOLIMA
729;25260000;EL ROSAL;CUNDINAMARCA
730;15276000;FLORESTA;BOYACA
731;05002000;ABEJORRAL;ANTIOQUIA
732;54003000;ÁBREGO;NORTE DE SANTANDER
733;50006000;ACACÍAS;META
734;25001000;AGUA DE DIOS;CUNDINAMARCA
735;20011000;AGUACHICA;CESAR
736;17013000;AGUADAS;CALDAS
737;20001001;AGUAS BLANCAS;CESAR
738;76020000;ALCALÁ;VALLE DEL CAUCA
739;41020000;ALGECIRAS;HUILA
740;41026000;ALTAMIRA;HUILA
741;73026000;ALVARADO;TOLIMA
742;19513000;PADILLA;CAUCA
743;68211000;CONTRATACIÓN;SANTANDER
744;68318000;GUACA;SANTANDER
746;15172000;CHINAVITA;BOYACA
747;15599000;RAMIRIQUÍ;BOYACA
748;68549000;PINCHOTE;SANTANDER
749;50001019;APIAY;META
753;25649000;SAN BERNARDO;CUNDINAMARCA
754;25178000;CHIPAQUE;CUNDINAMARCA
755;70235000;GALERAS;SUCRE
756;15798000;TENZA;BOYACA
757;13838000;TURBANÁ;BOLIVAR
758;25777000;SUPATÁ;CUNDINAMARCA
1;05001000;MEDELLÍN;ANTIOQUIA
2;66001000;PEREIRA;RISARALDA
3;76001000;SANTIAGO DE CALI;VALLE DEL CAUCA
4;11001000;BOGOTÁ, D.C.;BOGOTA, D.C.
5;54001000;CÚCUTA;NORTE DE SANTANDER
6;68001000;BUCARAMANGA;SANTANDER
7;08001000;BARRANQUILLA;ATLANTICO
8;17001000;MANIZALES;CALDAS
9;73001000;IBAGUÉ;TOLIMA
10;13001000;CARTAGENA DE INDIAS;BOLIVAR
11;52001000;SAN JUAN DE PASTO;NARIÑO
12;23555000;PLANETA RICA;CORDOBA
13;41001000;NEIVA;HUILA
14;70001000;SINCELEJO;SUCRE
15;23001000;MONTERÍA;CORDOBA
16;05154000;CAUCASIA;ANTIOQUIA
26;05030000;AMAGÁ;ANTIOQUIA
27;25035000;ANAPOIMA;CUNDINAMARCA
28;76036000;ANDALUCÍA;VALLE DEL CAUCA
29;05034000;ANDES;ANTIOQUIA
30;25040000;ANOLAIMA;CUNDINAMARCA
31;17042000;ANSERMA;CALDAS
32;05045000;APARTADÓ;ANTIOQUIA
33;47053000;ARACATACA;MAGDALENA
34;17050000;ARANZAZU;CALDAS
35;81001000;ARAUCA;ARAUCA
36;81065000;ARAUQUITA;ARAUCA
1271;52506000;OSPINA;NARIÑO
1272;52354002;PILCUÁN RECIA;NARIÑO
1273;52694000;SAN PEDRO DE CARTAGO;NARIÑO
1274;86749006;SANTIAGO;PUTUMAYO
1275;68092000;BETULIA;SANTANDER
1277;52385000;LA LLANADA;NARIÑO
1278;41396001;BELÉN;HUILA
1279;41206000;COLOMBIA;HUILA
1280;41524006;EL JUNCAL;HUILA
1282;41483000;NÁTAGA;HUILA
1283;18756000;SOLANO;CAQUETA
1284;63548001;BARRAGÁN;QUINDIO
1285;25841000;UBAQUE;CUNDINAMARCA
1286;27491000;NÓVITA;CHOCO
1287;05501000;OLAYA;ANTIOQUIA
1289;05690004;SANTIAGO;ANTIOQUIA
1292;54520000;PAMPLONITA;NORTE DE SANTANDER
1293;54680000;SANTIAGO;NORTE DE SANTANDER
1294;54099002;LA DONJUANA;NORTE DE SANTANDER
1295;15218000;COVARACHÍA;BOYACA
1297;68235000;EL CARMEN DE CHUCURÍ;SANTANDER
1298;68266000;ENCISO;SANTANDER
1299;68001000;HIDROSOGAMOSO;SANTANDER
1300;68533000;PÁRAMO;SANTANDER
1302;08560007;CASCAJAL;ATLANTICO
1303;44090000;DIBULLA;GUAJIRA
1304;20310000;GONZÁLEZ;CESAR
1308;08560003;PUERTO GIRALDO;ATLANTICO
1309;47692000;SAN SEBASTIÁN DE BUENAVISTA;MAGDALENA
1310;52079006;JUNÍN;NARIÑO
958;52210000;CONTADERO;NARIÑO
805;52411000;LINARES;NARIÑO
1150;76233016;PROVIDENCIA;VALLE DEL CAUCA
801;52687000;SAN LORENZO;NARIÑO
1312;41524001;BETANIA;HUILA
815;41872000;VILLAVIEJA;HUILA
1099;15317000;GUACAMAYAS;BOYACA
1024;54109000;BUCARASICA;NORTE DE SANTANDER
813;54125000;CÁCOTA;NORTE DE SANTANDER
866;54377000;LABATECA;NORTE DE SANTANDER
946;54206005;LAS MERCEDES;NORTE DE SANTANDER
814;54480000;MUTISCUA;NORTE DE SANTANDER
999;68296000;GALÁN;SANTANDER
980;68468000;MOLAGAVITA;SANTANDER
727;05893018;YONDÓ;ANTIOQUIA
95;20013002;CASACAZA;CESAR
24632;86760000;SANTIAGO;PUTUMAYO
24633;88564000;PROVIDENCIA;SAN ANDRES Y PROVIDENCIA
24681;25506000;VENECIA;CUNDINAMARCA
37;54051000;ARBOLEDAS;NORTE DE SANTANDER
38;05051000;ARBOLETES;ANTIOQUIA
39;13052000;ARJONA;BOLIVAR
40;63001000;ARMENIA;QUINDIO
41;73055000;ARMERO GUAYABAL;TOLIMA
42;20032000;ASTREA;CESAR
43;23068000;AYAPEL;CORDOBA
44;20045000;BECERRIL;CESAR
45;05250000;EL BAGRE;ANTIOQUIA
46;19075000;BALBOA;CAUCA
47;52079000;BARBACOAS;NARIÑO
48;68077000;BARBOSA;SANTANDER
49;05079000;BARBOSA;ANTIOQUIA
50;68079000;BARICHARA;SANTANDER
51;68081000;BARRANCABERMEJA;SANTANDER
52;44078000;BARRANCAS;GUAJIRA
53;17088000;BELALCÁZAR;CALDAS
54;66088000;BELÉN DE UMBRÍA;RISARALDA
55;15491001;BELENCITO;BOYACA
56;05088000;BELLO;ANTIOQUIA
57;05091000;BETANIA;ANTIOQUIA
58;05093000;BETULIA;ANTIOQUIA
59;70702000;BETULIA;SUCRE
60;25099000;BOJACÁ;CUNDINAMARCA
61;19100000;BOLÍVAR;CAUCA
62;76100000;BOLÍVAR;VALLE DEL CAUCA
63;68101000;BOLÍVAR;SANTANDER
64;05101000;CIUDAD BOLÍVAR;ANTIOQUIA
65;05861002;BOLOMBOLO;ANTIOQUIA
67;20060000;BOSCONIA;CESAR
68;76109000;BUENAVENTURA;VALLE DEL CAUCA
69;63111000;BUENAVISTA;QUINDIO
70;52110000;BUESACO;NARIÑO
71;76111000;GUADALAJARA DE BUGA;VALLE DEL CAUCA
72;76113000;BUGALAGRANDE;VALLE DEL CAUCA
73;54128000;CÁCHIRA;NORTE DE SANTANDER
74;76122000;CAICEDONIA;VALLE DEL CAUCA
75;73124000;CAJAMARCA;TOLIMA
76;25126000;CAJICÁ;CUNDINAMARCA
77;13140000;CALAMAR;BOLIVAR
78;63130000;CALARCÁ;QUINDIO
79;05129000;CALDAS;ANTIOQUIA
80;41132000;CAMPOALEGRE;HUILA
81;05138000;CAÑASGORDAS;ANTIOQUIA
82;76130000;CANDELARIA;VALLE DEL CAUCA
83;25148000;CAPARRAPÍ;CUNDINAMARCA
84;68147000;CAPITANEJO;SANTANDER
85;25151000;CÁQUEZA;CUNDINAMARCA
86;44847000;URIBIA;GUAJIRA
87;20001005;CARACOLÍ;CESAR
88;05142000;CARACOLÍ;ANTIOQUIA
89;05145000;CARAMANTA;ANTIOQUIA
90;05147000;CAREPA;ANTIOQUIA
91;13244000;EL CARMEN DE BOLÍVAR;BOLIVAR
92;25154000;CARMEN DE CARUPA;CUNDINAMARCA
93;05148000;EL CARMEN DE VIBORAL;ANTIOQUIA
94;76147000;CARTAGO;VALLE DEL CAUCA
96;73217001;CASTILLA;TOLIMA
98;23162000;CERETÉ;CORDOBA
99;76248000;EL CERRITO;VALLE DEL CAUCA
101;25290016;CHINAUTA;CUNDINAMARCA
102;73168000;CHAPARRAL;TOLIMA
103;68167000;CHARALÁ;SANTANDER
104;25175000;CHÍA;CUNDINAMARCA
105;73268001;CHICORAL;TOLIMA
106;05172000;CHIGORODÓ;ANTIOQUIA
107;20175000;CHIMICHAGUA;CESAR
108;54172000;CHINÁCOTA;NORTE DE SANTANDER
109;17174000;CHINCHINÁ;CALDAS
110;23182000;CHINÚ;CORDOBA
111;15176000;CHIQUINQUIRÁ;BOYACA
112;20178000;CHIRIGUANÁ;CESAR
113;47170000;CHIVOLO;MAGDALENA
114;25183000;CHOCONTÁ;CUNDINAMARCA
115;23189000;CIÉNAGA DE ORO;CORDOBA
218;20621000;LA PAZ - ROBLES;CESAR
1800;05576000;PUEBLORRICO;ANTIOQUIA
24713;47960000;ZAPAYAN;MAGDALENA
24725;50590000;PUERTO RICO;META
24737;52320000;GUAITARILLA;NARIÑO
1471;68101002;BERBEO;SANTANDER
1472;68307002;BOCAS;SANTANDER
1473;81794019;BOTALÓN;ARAUCA
1474;81300002;CARANAL;ARAUCA
1475;68152000;CARCASÍ;SANTANDER
1476;81794013;CARUNAL;ARAUCA
1477;68307018;CHOCOITA;SANTANDER
1478;68077001;CITE;SANTANDER
1480;68245000;EL GUACAMAYO;SANTANDER
1481;81065020;EL OASIS;ARAUCA
1482;81065002;EL TRONCAL;ARAUCA
715;68264000;ENCINO;SANTANDER
1484;68255007;ESTACIÓN LAGUNA;SANTANDER
1485;81794022;FLOR AMARILLO;ARAUCA
1486;68079001;GUANE;SANTANDER
1487;81794023;LA ARENOSA;ARAUCA
1488;68820002;LA CORCOVA;SANTANDER
1489;68081010;LA FORTUNA;SANTANDER
1490;81065022;LA PESQUERA;ARAUCA
1491;68081009;LOS LAURELES;SANTANDER
1492;68418006;MAJADAL ALTO;SANTANDER
1493;68307003;MARTA;SANTANDER
1494;81065013;POTOSÍ (PRIMAVERA);ARAUCA
1495;81794025;PUEBLO NUEVO;ARAUCA
1496;81794010;PUERTO NARIÑO;ARAUCA
1497;81794018;PUERTO NYDIA;ARAUCA
1498;81065007;REINERA (GAVIOTA);ARAUCA
1499;68255014;SAN PEDRO DE TIGRA;SANTANDER
1500;81300011;TOLUA;ARAUCA
1501;17001026;ALTO CORINTO;CALDAS
1502;17001010;ALTO TABLAZO;CALDAS
585;17541001;ARBOLEDA;CALDAS
1504;17001025;BAJO CORINTO;CALDAS
1505;17001012;EL ARENILLO;CALDAS
1506;17001004;LA CABAÑA;CALDAS
1507;17001005;LA CUCHILLA DEL SALADO;CALDAS
1508;52352005;ALTO DEL REY;NARIÑO
1509;52260011;AZOGUE;NARIÑO
1510;52411006;BELLA VISTA;NARIÑO
1511;52381009;BELLAVISTA;NARIÑO
116;47189000;CIÉNAGA;MAGDALENA
117;68190000;CIMITARRA;SANTANDER
118;63190000;CIRCASIA;QUINDIO
119;05190000;CISNEROS;ANTIOQUIA
120;05197000;COCORNÁ;ANTIOQUIA
121;20013000;AGUSTÍN CODAZZI;CESAR
122;86219000;COLÓN;PUTUMAYO
123;05209000;CONCORDIA;ANTIOQUIA
124;27205000;CONDOTO;CHOCO
125;54206000;CONVENCIÓN;NORTE DE SANTANDER
126;05212000;COPACABANA;ANTIOQUIA
127;63212000;CÓRDOBA;QUINDIO
128;19212000;CORINTO;CAUCA
129;70215000;COROZAL;SUCRE
130;70221000;COVEÑAS;SUCRE
131;54223000;CUCUTILLA;NORTE DE SANTANDER
132;50226000;CUMARAL;META
133;05837001;CURRULAO;ANTIOQUIA
134;20228000;CURUMANÍ;CESAR
135;05234000;DABEIBA;ANTIOQUIA
136;76233000;DAGUA;VALLE DEL CAUCA
137;76126000;DARIÉN;VALLE DEL CAUCA
138;05237000;DON MATÍAS;ANTIOQUIA
139;05591004;DORADAL;ANTIOQUIA
140;66170000;DOSQUEBRADAS;RISARALDA
141;15238000;DUITAMA;BOYACA
142;54239000;DURANIA;NORTE DE SANTANDER
143;47245000;EL BANCO;MAGDALENA
144;19532000;EL BORDO;CAUCA
145;76246000;EL CAIRO;VALLE DEL CAUCA
146;54245000;EL CARMEN;NORTE DE SANTANDER
147;15244000;EL COCUY;BOYACA
148;20238000;EL COPEY;CESAR
149;47058000;EL DIFICIL;MAGDALENA
150;18247000;EL DONCELLO;CAQUETA
152;05607000;RETIRO;ANTIOQUIA
153;23660006;EL VIAJANO;CORDOBA
154;05266000;ENVIGADO;ANTIOQUIA
155;73268000;ESPINAL;TOLIMA
156;25269000;FACATATIVÁ;CUNDINAMARCA
157;17272000;FILADELFIA;CALDAS
158;63272000;FILANDIA;QUINDIO
159;73275000;FLANDES;TOLIMA
160;18001000;FLORENCIA;CAQUETA
161;76275000;FLORIDA;VALLE DEL CAUCA
162;68276000;FLORIDABLANCA;SANTANDER
163;44279000;FONSECA;GUAJIRA
165;05282000;FREDONIA;ANTIOQUIA
166;73283000;FRESNO;TOLIMA
167;05284000;FRONTINO;ANTIOQUIA
168;50287000;FUENTE DE ORO;META
169;47288000;FUNDACIÓN;MAGDALENA
170;25286000;FUNZA;CUNDINAMARCA
171;25290000;FUSAGASUGÁ;CUNDINAMARCA
172;25297000;GACHETÁ;CUNDINAMARCA
173;20295000;GAMARRA;CESAR
174;15299000;GARAGOA;BOYACA
175;41298000;GARZÓN;HUILA
176;63302000;GÉNOVA;QUINDIO
177;41306000;GIGANTE;HUILA
178;76306000;GINEBRA;VALLE DEL CAUCA
179;25307000;GIRARDOT;CUNDINAMARCA
180;05308000;GIRARDOTA;ANTIOQUIA
181;68307000;GIRÓN;SANTANDER
182;54313000;GRAMALOTE;NORTE DE SANTANDER
183;05313000;GRANADA;ANTIOQUIA
184;50313000;GRANADA;META
185;76318000;GUACARÍ;VALLE DEL CAUCA
186;41319000;GUADALUPE;HUILA
187;25320000;GUADUAS;CUNDINAMARCA
188;47318000;GUAMAL;MAGDALENA
189;50318000;GUAMAL;META
191;73319000;GUAMO;TOLIMA
192;19318000;GUAPÍ;CAUCA
1514;52378013;CABUYALES;NARIÑO
1515;52405011;CAÑADUZAL;NARIÑO
1516;52224000;CARLOSAMA;NARIÑO
1519;52001001;CATAMBUCO;NARIÑO
1520;52788007;CEBADAL;NARIÑO
1521;52885004;CHAPACUAL;NARIÑO
1522;52323001;CUATIS;NARIÑO
1523;52001051;CUBIJAN BAJO;NARIÑO
1524;52506005;CUNCHILA O MORENO;NARIÑO
1525;52233001;DAMASCO;NARIÑO
1526;52051005;EL EMPATE;NARIÑO
1527;52001003;EL ENCANO;NARIÑO
1528;86001002;EL PEPINO;PUTUMAYO
1529;52258000;EL TABLÓN DE GÓMEZ;NARIÑO
1530;52019013;FÁTIMA;NARIÑO
1532;52835030;GUAYACANA;NARIÑO
1533;52001005;LA LAGUNA;NARIÑO
1534;52418002;LA PLANADA;NARIÑO
1535;52203002;LA PLATA;NARIÑO
1536;52838012;LOS ARRAYANES;NARIÑO
1537;52207003;OLAYA HERRERA;NARIÑO
1538;52354004;PILCUÁN VIEJO (2);NARIÑO
1539;52838004;PINZÓN;NARIÑO
1541;86001004;PUERTO LIMÓN;PUTUMAYO
1542;52051007;ROSA FLORIDA;NARIÑO
1548;52083001;SANTA ROSA;NARIÑO
1549;52378009;TAJUMBINA;NARIÑO
1550;52885009;TASNAQUE;NARIÑO
1551;52110007;VILLAMORENO;NARIÑO
1552;86885012;VILLARRICA;PUTUMAYO
1553;52838009;YASCUAL;NARIÑO
1555;23189001;BERÁSTEGUI;CORDOBA
1556;23678006;CABUYA;CORDOBA
1557;70124000;CAIMITO;SUCRE
1558;23678016;CALLE LARGA;CORDOBA
1559;23090000;CANALETE URBANO;CORDOBA
1560;23555003;CAROLINA;CORDOBA
1561;70230000;CHALÁN;SUCRE
1562;70001003;CHOCHO;SUCRE
1563;23678010;EL HATO;CORDOBA
1564;23001039;EL QUINCE;CORDOBA
1565;70233000;EL ROBLE;SUCRE
1566;23001004;EL SABANAL;CORDOBA
1567;23678003;GUACHARACAL;CORDOBA
1568;70001007;LA GALLERA;SUCRE
1569;70215021;LAS BRUJAS;SUCRE
1570;23678018;LAS TINAS;CORDOBA
1571;23001011;LOS GARZONES;CORDOBA
1572;23162001;MARTÍNEZ;CORDOBA
1573;70473000;MORROA;SUCRE
1574;23079004;NUEVA ESTACIÓN;CORDOBA
1575;23001014;PATIO BONITO;CORDOBA
1576;23555007;PLAZA BONITA;CORDOBA
1512;52051000;BERRUECOS;NARIÑO
1513;52207004;BOMBONA;NARIÑO
302;23574000;PUERTO ESCONDIDO;CORDOBA
1578;23162003;RABOLARGO;CORDOBA
1579;23678005;REMEDIO POBRE;CORDOBA
1580;23162006;RETIRO DE LOS INDIOS;CORDOBA
1581;70678000;SAN BENITO ABAD;SUCRE
1582;25178013;ABASTICOS;CUNDINAMARCA
1583;25320008;ALTO DEL TRIGO;CUNDINAMARCA
1584;25875001;BAGAZAL;CUNDINAMARCA
1585;25793003;BOQUERÓN;CUNDINAMARCA
1586;25745004;CENTRO SECTOR JUAN PACHO;CUNDINAMARCA
1587;25781003;CHIRCAL;CUNDINAMARCA
1588;25372002;CHUSCALES;CUNDINAMARCA
1589;25372001;CLARAVAL;CUNDINAMARCA
193;05318000;GUARNE;ANTIOQUIA
194;15322000;GUATEQUE;BOYACA
195;66318000;GUÁTICA;RISARALDA
196;15325000;GUAYATÁ;BOYACA
197;68327000;GÜEPSA;SANTANDER
198;54347000;HERRÁN;NORTE DE SANTANDER
199;05353000;HISPANIA;ANTIOQUIA
200;73349000;HONDA;TOLIMA
201;52356000;IPIALES;NARIÑO
202;05360000;ITAGÜÍ;ANTIOQUIA
203;76364000;JAMUNDÍ;VALLE DEL CAUCA
204;05364000;JARDÍN;ANTIOQUIA
205;05368000;JERICÓ;ANTIOQUIA
207;05376000;LA CEJA;ANTIOQUIA
208;52378000;LA CRUZ;NARIÑO
209;17380000;LA DORADA;CALDAS
210;76520002;AMAIME;VALLE DEL CAUCA
211;05380000;LA ESTRELLA;ANTIOQUIA
212;86865000;LA HORMIGA;PUTUMAYO
213;20250002;LA LOMA;CESAR
214;17388000;LA MERCED;CALDAS
215;25386000;LA MESA;CUNDINAMARCA
216;76895002;LA PAILA;VALLE DEL CAUCA
217;25394000;LA PALMA;CUNDINAMARCA
219;25398000;LA PEÑA;CUNDINAMARCA
220;41396000;LA PLATA;HUILA
221;19392000;LA SIERRA;CAUCA
222;73408002;SAN FRANCISCO DE LA SIERRA;TOLIMA
223;63401000;LA TEBAIDA;QUINDIO
224;52399000;LA UNIÓN;NARIÑO
225;76400000;LA UNIÓN;VALLE DEL CAUCA
226;05400000;LA UNIÓN;ANTIOQUIA
227;76113013;URÍBE URÍBE;VALLE DEL CAUCA
228;15403000;LA UVITA;BOYACA
229;76403000;LA VICTORIA;VALLE DEL CAUCA
230;66400000;LA VIRGINIA;RISARALDA
232;68385000;LANDÁZURI;SANTANDER
233;68406000;LEBRIJA;SANTANDER
234;73411000;LÍBANO;TOLIMA
235;76233017;LOBO GUERRERO;VALLE DEL CAUCA
236;23417000;SANTA CRUZ DE LORICA;CORDOBA
237;54418000;LOURDES;NORTE DE SANTANDER
238;08421000;LURUACO;ATLANTICO
239;25430000;MADRID;CUNDINAMARCA
240;13430000;MAGANGUÉ;BOLIVAR
241;44430000;MAICAO;GUAJIRA
242;68432000;MÁLAGA;SANTANDER
243;08433000;MALAMBO;ATLANTICO
244;17433000;MANZANARES;CALDAS
245;66440000;MARSELLA;RISARALDA
246;20001013;MARIANGOLA;CESAR
247;13442000;MARÍA LA BAJA;BOLIVAR
248;05440000;MARINILLA;ANTIOQUIA
249;73443000;SAN SEBASTIÁN DE MARIQUITA;TOLIMA
250;17444000;MARQUETALIA;CALDAS
251;68444000;MATANZA;SANTANDER
252;73449000;MELGAR;TOLIMA
254;86001000;MOCOA;PUTUMAYO
255;13468000;SANTA CRUZ DE MOMPÓX;BOLIVAR
256;15469000;MONIQUIRÁ;BOYACA
257;23466000;MONTELÍBANO;CORDOBA
258;63470000;MONTENEGRO;QUINDIO
260;25473000;MOSQUERA;CUNDINAMARCA
261;05480000;MUTATÁ;ANTIOQUIA
262;73483000;NATAGAIMA;TOLIMA
263;05495000;NECHÍ;ANTIOQUIA
264;05490000;NECOCLÍ;ANTIOQUIA
265;17486000;NEIRA;CALDAS
267;15491000;NOBSA;BOYACA
268;76497000;OBANDO;VALLE DEL CAUCA
269;54498000;OCAÑA;NORTE DE SANTANDER
270;68500000;OIBA;SANTANDER
271;86320000;ORITO;PUTUMAYO
272;73504000;ORTEGA;TOLIMA
787;47001000;SITIO NUEVO;MAGDALENA
1306;52001000;GENOVA;NARIÑO
1313;54001000;SAN CAYETANO;NORTE DE SANTANDER
588;99001000;PUERTO CARREÑO;VICHADA
652;94001000;INÍRIDA;GUAINIA
1314;23417010;TIERRALTA (LORICA);CORDOBA
974;97001000;MITÚ;VAUPES
1590;25805002;CUMACA;CUNDINAMARCA
1591;25793005;DIVINO NIÑO;CUNDINAMARCA
1592;25530003;EL ENGAÑO;CUNDINAMARCA
1593;25530006;EL JAPÓN;CUNDINAMARCA
1594;25898001;EL OCASO;CUNDINAMARCA
1595;25875004;EL PUENTE;CUNDINAMARCA
1596;25295005;EL ROBLE SUR;CUNDINAMARCA
1597;25320001;GUADUERO;CUNDINAMARCA
1598;25596004;LA BOTICA;CUNDINAMARCA
1599;25898004;LA CAPILLA;CUNDINAMARCA
1600;25815007;LA COLORADA;CUNDINAMARCA
1601;25898005;LA ESTACIÓN;CUNDINAMARCA
1602;25815003;LA SALADA;CUNDINAMARCA
1603;25839002;LAGUNA AZUL;CUNDINAMARCA
1604;25781002;LAS PEÑAS;CUNDINAMARCA
1605;25878004;LIBERIA;CUNDINAMARCA
1606;25335004;LIMONCITOS;CUNDINAMARCA
1607;25178012;LLANO DE CHIPAQUE;CUNDINAMARCA
1608;25297008;LOS LÓPEZ;CUNDINAMARCA
1609;25645018;LOS NARANJOS;CUNDINAMARCA
1610;25839003;MÁMBITA;CUNDINAMARCA
1611;25530001;MAYA;CUNDINAMARCA
1612;25335002;MONTERREDONDO;CUNDINAMARCA
1613;25489000;NIMAIMA;CUNDINAMARCA
1614;25293006;PALOMAS;CUNDINAMARCA
1615;25245003;PRADILLA;CUNDINAMARCA
1616;25815001;PUBENZA;CUNDINAMARCA
1617;25372006;PUENTE LISIO;CUNDINAMARCA
1618;25372007;RAMAL;CUNDINAMARCA
1619;25040003;REVENTONES;CUNDINAMARCA
1620;25035002;SAN ANTONIO DE ANAPOIMA;CUNDINAMARCA
1621;25839004;SAN PEDRO DE JAGUA;CUNDINAMARCA
1622;25312013;SAN RAIMUNDO;CUNDINAMARCA
1623;25839009;SOYA;CUNDINAMARCA
1624;25372004;SUEVA;CUNDINAMARCA
1315;05615000;SAN ANTONIO DE PEREIRA;ANTIOQUIA
273;70508000;OVEJAS;SUCRE
274;25513000;PACHO;CUNDINAMARCA
275;17513000;PÁCORA;CALDAS
276;20517000;PAILITAS;CESAR
277;15516000;PAIPA;BOYACA
278;41524000;PALERMO;HUILA
279;17524000;PALESTINA;CALDAS
280;76520000;PALMIRA;VALLE DEL CAUCA
281;54518000;PAMPLONA;NORTE DE SANTANDER
283;15537000;PAZ DE RÍO;BOYACA
284;20550000;PELAYA;CESAR
285;17541000;PENSILVANIA;CALDAS
286;68547000;PIEDECUESTA;SANTANDER
287;19548000;PIENDAMÓ;CAUCA
288;63548000;PIJAO;QUINDIO
289;41551000;PITALITO;HUILA
290;47551000;PIVIJAY;MAGDALENA
291;73555000;PLANADAS;TOLIMA
292;47555000;PLATO;MAGDALENA
293;68255000;EL PLAYÓN;SANTANDER
294;19001000;POPAYÁN;CAUCA
295;76563000;PRADERA;VALLE DEL CAUCA
297;86568000;PUERTO ASÍS;PUTUMAYO
298;05579000;PUERTO BERRÍO;ANTIOQUIA
299;15572000;PUERTO BOYACÁ;BOYACA
300;86569000;PUERTO CAICEDO;PUTUMAYO
301;08573000;PUERTO COLOMBIA;ATLANTICO
304;50577000;PUERTO LLERAS;META
305;50573000;PUERTO LÓPEZ;META
306;05585000;PUERTO NARE;ANTIOQUIA
307;18592000;PUERTO RICO;CAQUETA
308;25572000;PUERTO SALGAR;CUNDINAMARCA
309;54553000;PUERTO SANTANDER;NORTE DE SANTANDER
310;19573000;PUERTO TEJADA;CAUCA
311;68575000;PUERTO WILCHES;SANTANDER
312;47058003;PUEBLO NUEVO;MAGDALENA
314;68572000;PUENTE NACIONAL;SANTANDER
315;52585000;PUPIALES;NARIÑO
316;73585000;PURIFICACIÓN;TOLIMA
317;27001000;SAN FRANCISCO DE QUIBDO;CHOCO
318;63594000;QUIMBAYA;QUINDIO
319;66594000;QUINCHÍA;RISARALDA
320;54599000;RAGONVALIA;NORTE DE SANTANDER
321;05604000;REMEDIOS;ANTIOQUIA
322;76606000;RESTREPO;VALLE DEL CAUCA
323;50606000;RESTREPO;META
324;52612000;RICAURTE;NARIÑO
325;20614000;RÍO DE ORO;CESAR
326;44001000;RIOHACHA;GUAJIRA
327;05615000;RIONEGRO;ANTIOQUIA
328;68615000;RIONEGRO;SANTANDER
332;17614000;RIOSUCIO;CALDAS
333;27615000;RIOSUCIO;CHOCO
334;17616000;RISARALDA;CALDAS
336;76622000;ROLDANILLO;VALLE DEL CAUCA
337;68655000;SABANA DE TORRES;SANTANDER
338;08638000;SABANALARGA;ATLANTICO
339;05631000;SABANETA;ANTIOQUIA
340;23660000;SAHAGÚN;CORDOBA
341;17653000;SALAMINA;CALDAS
342;54660000;SALAZAR;NORTE DE SANTANDER
343;73671000;SALDAÑA;TOLIMA
344;05642000;SALGAR;ANTIOQUIA
345;17662000;SAMANÁ;CALDAS
346;52678000;SAMANIEGO;NARIÑO
347;70670000;SAMPUÉS;SUCRE
348;20710000;SAN ALBERTO;CESAR
350;68669000;SAN ANDRÉS;SANTANDER
351;73675000;SAN ANTONIO;TOLIMA
353;23675000;SAN BERNARDO DEL VIENTO;CORDOBA
354;05649000;SAN CARLOS;ANTIOQUIA
355;20750000;SAN DIEGO;CESAR
259;13688000;SANTA ROSA DEL SUR;BOLIVAR
1219;18460000;MILAN;CAQUETA
